Sample.name,total_Intensity,Sample.name,NeuAc_Intensity,VMET.2.number,Sample.Gestation..w.,Sample.Gestation..d.,Gestation.at.delivery..d.,Outcome,Ethnicity,Blood.group,CST,subCST,IL1.beta,IL.6,IL.18,IL.8
NP1,131.083712609753,NP1,7.71977369518892,NP1,0,0,0,Non-pregnant,"Caucasian ",O,"","",9.24,3.78,0.79,1108.13
NP2,84.6366197798504,NP2,22.6801547221973,NP2,0,0,0,Non-pregnant,"South Asian",A,"","",2.76,1.25,0.68,862.41
NP3,22.6230293710866,NP3,10.5997475070345,NP3,0,0,0,Non-pregnant,African,A,"","",156.27,19.6,2.96,2938.6
NP4,38.4013298251306,NP4,8.13434355426636,NP4,0,0,0,Non-pregnant,"Caucasian ",A,"","",15.94,2.47,0.84,285.47
P1,56.2853849036056,P1,13.0349328714306,P1,15,3,0,Term,"Caucasian ",O,I,I-B,2012.4,"OOR <",1.01,7601.02
P2,19.0036942116943,P2,15.4506208761931,P2,22,5,3,Term,African,B,I,I-A,29.3,8.39,0.9,636.22
P4,94.5741430911688,,,P4,20,5,3,Preterm,"South Asian",B,I,I-A,1200.78,285.65,2.23,5727.55
P5,10.7614434118983,P5,10.7614434118983,P5,23,5,3,Preterm,African,B,IV-B,IV-B,20705.32,7.53,64.2,1703.05
P6,1.23610469045875,P6,1.23610469045875,P6,21,3,4,Preterm,"South Asian",B,IV-B,IV-B,3799.6,1374.41,43.88,9651.97
